City_ID,City,Country,Date,Lat,Lng,Max Temp,Humidity,Cloudiness,Wind Speed
0,Punta Arenas,CL,2021-11-15 23:40:08,-53.15,-70.9167,48.31,46,20,26.46
1,Cape Town,ZA,2021-11-15 23:39:23,-33.9258,18.4232,67.08,76,75,9.22
2,Verkhnyaya Inta,RU,2021-11-15 23:40:08,65.9811,60.3094,18.41,95,100,12.95
3,Saint George,US,2021-11-15 23:40:09,37.1041,-113.5841,76.35,23,1,0.0
4,La Ciotat,FR,2021-11-15 23:40:09,43.1748,5.6045,57.81,92,91,9.22
5,Cusset,FR,2021-11-15 23:40:09,46.13,3.4596,44.94,97,100,1.59
6,Hilo,US,2021-11-15 23:38:45,19.7297,-155.09,86.29,90,90,11.5
7,Carnarvon,AU,2021-11-15 23:40:10,-24.8667,113.6333,69.87,68,40,10.36
8,Khatanga,RU,2021-11-15 23:40:10,71.9667,102.5,-28.41,100,69,3.69
9,Rikitea,PF,2021-11-15 23:40:10,-23.1203,-134.9692,73.49,86,98,12.28
10,Cabo San Lucas,MX,2021-11-15 23:40:10,22.8909,-109.9124,85.51,66,99,1.99
11,Mandera,KE,2021-11-15 23:40:11,3.9366,41.867,80.38,63,84,10.78
12,Vaini,TO,2021-11-15 23:40:11,-21.2,-175.2,82.56,78,20,10.36
13,Mataura,NZ,2021-11-15 23:40:11,-46.1927,168.8643,61.2,39,66,11.86
14,Talaya,RU,2021-11-15 23:40:12,61.3833,152.75,4.64,95,100,4.05
15,Lac Du Bonnet,CA,2021-11-15 23:40:12,50.2536,-96.0612,26.42,91,98,7.47
16,Beyneu,KZ,2021-11-15 23:40:12,45.3167,55.2,35.4,71,100,8.86
17,Bluff,NZ,2021-11-15 23:40:12,-46.6,168.3333,53.04,66,92,20.83
18,Bredasdorp,ZA,2021-11-15 23:40:13,-34.5322,20.0403,62.28,89,99,5.64
19,Ketchikan,US,2021-11-15 23:40:13,55.3422,-131.6461,37.87,81,75,3.44
20,Busselton,AU,2021-11-15 23:40:13,-33.65,115.3333,63.05,73,24,8.46
21,Teluknaga,ID,2021-11-15 23:36:54,-6.0989,106.6381,82.63,83,20,11.01
22,Bethel,US,2021-11-15 23:40:14,41.3712,-73.414,45.19,74,38,3.0
23,Sao Filipe,CV,2021-11-15 23:40:14,14.8961,-24.4956,75.97,78,98,6.71
24,Fairbanks,US,2021-11-15 23:40:14,64.8378,-147.7164,-2.24,77,90,0.0
25,Hermanus,ZA,2021-11-15 23:40:15,-34.4187,19.2345,63.9,88,100,6.4
26,Arraial Do Cabo,BR,2021-11-15 23:36:57,-22.9661,-42.0278,72.0,73,39,20.4
27,Korneuburg,AT,2021-11-15 23:40:15,48.35,16.3333,47.37,89,25,3.0
28,Druzhba,UA,2021-11-15 23:40:15,52.0428,33.9453,26.37,79,19,4.94
29,Hithadhoo,MV,2021-11-15 23:40:16,-0.6,73.0833,82.33,72,44,16.67
30,Georgetown,MY,2021-11-15 23:39:46,5.4112,100.3354,79.9,92,20,1.99
31,Vryburg,ZA,2021-11-15 23:40:16,-26.9566,24.7284,73.98,19,0,8.12
32,Albany,US,2021-11-15 23:40:16,42.6001,-73.9662,39.22,77,73,1.99
33,Ballina,AU,2021-11-15 23:40:17,-28.8667,153.5667,77.77,37,79,9.22
34,Havoysund,NO,2021-11-15 23:40:17,70.9963,24.6622,41.88,81,98,24.18
35,Talara,PE,2021-11-15 23:40:17,-4.5772,-81.2719,66.96,77,0,18.41
36,Okhotsk,RU,2021-11-15 23:40:18,59.3833,143.3,14.14,86,97,14.36
37,Paamiut,GL,2021-11-15 23:40:18,61.994,-49.6678,7.97,73,0,5.73
38,Qrendi,MT,2021-11-15 23:40:18,35.8347,14.4583,60.12,100,20,2.3
39,Padang,ID,2021-11-15 23:40:18,-0.9492,100.3543,76.42,74,100,4.0
40,Tabas,IR,2021-11-15 23:40:19,33.5959,56.9244,54.36,32,87,1.68
41,Lebu,CL,2021-11-15 23:40:19,-37.6167,-73.65,52.65,71,1,19.95
42,Talnakh,RU,2021-11-15 23:40:19,69.4865,88.3972,2.1,96,100,11.95
43,Shitanjing,CN,2021-11-15 23:41:19,39.2342,106.3439,33.3,31,2,1.5
44,Urumqi,CN,2021-11-15 23:41:20,43.801,87.6005,27.55,93,73,2.24
45,Codrington,AU,2021-11-15 23:41:20,-38.2667,141.9667,54.54,62,100,6.44
46,Ushuaia,AR,2021-11-15 23:40:25,-54.8,-68.3,46.06,61,40,25.32
47,Port-Cartier,CA,2021-11-15 23:41:20,50.0334,-66.8654,34.02,94,100,8.55
48,Ponta Do Sol,PT,2021-11-15 23:41:21,32.6667,-17.1,66.83,69,100,4.07
49,Saint-Philippe,RE,2021-11-15 23:41:21,-21.3585,55.7679,72.99,83,50,4.12
50,Ribeira Grande,PT,2021-11-15 23:41:21,38.5167,-28.7,68.22,83,10,15.57
51,Asfi,MA,2021-11-15 23:41:22,32.2994,-9.2372,60.82,79,0,10.16
52,Ola,RU,2021-11-15 23:41:22,59.5833,151.2833,19.15,75,100,12.75
53,Coihaique,CL,2021-11-15 23:41:22,-45.5752,-72.0662,53.55,40,20,6.91
54,Moanda,GA,2021-11-15 23:41:22,-1.5575,13.2178,68.67,98,44,1.63
55,Charleston,US,2021-11-15 23:37:42,32.7766,-79.9309,56.01,69,1,0.0
56,Bonthe,SL,2021-11-15 23:41:23,7.5264,-12.505,79.0,80,64,1.97
57,Grindavik,IS,2021-11-15 23:41:23,63.8424,-22.4338,37.87,65,40,28.77
58,Baiyin,CN,2021-11-15 23:41:23,36.5583,104.2081,22.08,39,94,1.48
59,Margate,GB,2021-11-15 23:41:24,51.3813,1.3862,51.69,82,86,7.96
60,Matay,EG,2021-11-15 23:41:24,28.419,30.7792,66.24,59,52,7.49
61,Kawalu,ID,2021-11-15 23:41:24,-7.3817,108.2082,72.52,94,100,0.87
62,Glenn Heights,US,2021-11-15 23:41:25,32.5488,-96.8567,78.42,64,1,1.99
63,Castro,BR,2021-11-15 23:41:25,-24.7911,-50.0119,62.1,86,75,6.62
64,Vicuna,CL,2021-11-15 23:41:25,-30.0319,-70.7081,74.77,41,0,1.5
65,Chuy,UY,2021-11-15 23:41:26,-33.6971,-53.4616,66.54,91,2,10.78
66,Youghal,IE,2021-11-15 23:41:26,51.95,-7.8506,50.02,100,75,2.3
67,Mayya,RU,2021-11-15 23:41:26,61.7333,130.2811,-15.99,99,82,1.16
68,Broken Hill,AU,2021-11-15 23:41:26,-31.95,141.4333,56.91,44,0,12.66
69,Logan Lake,CA,2021-11-15 23:41:27,50.4998,-120.8025,44.4,98,98,6.15
70,Garissa,KE,2021-11-15 23:41:27,-0.4536,39.6401,77.58,75,37,9.98
71,Puerto Ayora,EC,2021-11-15 23:41:27,-0.7393,-90.3518,67.95,81,29,8.28
72,Jamestown,US,2021-11-15 23:41:28,42.097,-79.2353,40.59,100,90,8.01
73,Araouane,ML,2021-11-15 23:41:28,18.9048,-3.5265,75.11,27,41,9.17
74,Mar Del Plata,AR,2021-11-15 23:41:28,-38.0023,-57.5575,67.08,95,40,15.01
75,Salamiyah,SY,2021-11-15 23:41:28,35.0113,37.0532,56.88,54,37,3.8
76,Ensenada,MX,2021-11-15 23:41:29,31.8667,-116.6167,63.95,87,0,4.83
77,Qaanaaq,GL,2021-11-15 23:41:29,77.484,-69.3632,1.36,79,100,9.66
78,Laguna,US,2021-11-15 23:41:29,38.421,-121.4238,70.14,84,90,1.01
79,Shetpe,KZ,2021-11-15 23:41:30,44.1667,52.1167,33.57,76,98,9.71
80,Sitka,US,2021-11-15 23:41:30,57.0531,-135.33,39.09,70,20,8.05
81,Asau,RO,2021-11-15 23:41:30,46.4333,26.4,44.76,85,100,3.18
82,Montes Altos,BR,2021-11-15 23:41:31,-5.8333,-47.0667,74.59,91,93,3.04
83,Daan,CN,2021-11-15 23:41:31,33.0558,106.2958,47.46,78,98,1.74
84,Dalvik,IS,2021-11-15 23:41:31,65.9702,-18.5286,37.33,79,42,12.41
85,Constitucion,CL,2021-11-15 23:41:32,-35.3333,-72.4167,55.0,66,0,17.85
86,Tacuarembo,UY,2021-11-15 23:41:32,-31.7333,-55.9833,70.81,79,61,6.73
87,San Quintin,MX,2021-11-15 23:41:32,30.4833,-115.95,72.0,53,0,9.51
88,Bengkulu,ID,2021-11-15 23:41:33,-3.8004,102.2655,76.8,80,93,2.95
89,Dawlatabad,AF,2021-11-15 23:41:33,36.4141,64.9053,45.9,72,27,1.21
90,Airai,TL,2021-11-15 23:41:33,-8.9266,125.4092,68.92,58,73,4.0
91,Bodden Town,KY,2021-11-15 23:42:34,19.2833,-81.25,82.4,81,20,8.01
92,Thinadhoo,MV,2021-11-15 23:42:34,0.5333,72.9333,82.0,75,48,15.68
93,Currais Novos,BR,2021-11-15 23:42:34,-6.2608,-36.5178,75.76,75,50,20.27
94,Chatham,GB,2021-11-15 23:38:52,51.3789,0.5279,51.8,91,45,3.74
95,Sirohi,IN,2021-11-15 23:42:34,24.8833,72.8667,62.24,36,68,4.32
96,Thohoyandou,ZA,2021-11-15 23:42:35,-22.9456,30.485,71.31,67,69,4.36
97,Mahebourg,MU,2021-11-15 23:42:35,-20.4081,57.7,75.25,88,40,5.75
98,San Martin,AR,2021-11-15 23:42:35,-33.081,-68.4681,77.54,32,30,30.11
99,Uray,RU,2021-11-15 23:42:36,60.1247,64.7758,12.74,91,42,9.28
100,Blatna,CZ,2021-11-15 23:42:36,49.4249,13.8818,42.82,100,12,7.76
101,Indramayu,ID,2021-11-15 23:42:36,-6.3264,108.32,80.02,77,99,1.63
102,Korla,CN,2021-11-15 23:42:36,41.7597,86.1469,32.36,47,1,2.17
103,Ekimchan,RU,2021-11-15 23:42:37,53.0667,132.9667,1.06,96,72,2.1
104,Alexandria,EG,2021-11-15 23:42:37,31.2156,29.9553,73.36,64,40,4.61
105,Eureka,US,2021-11-15 23:42:37,40.8021,-124.1637,63.19,81,100,5.99
106,Novikovo,RU,2021-11-15 23:42:38,51.1537,37.8879,25.12,85,18,4.5
107,Jumla,NP,2021-11-15 23:42:38,29.2747,82.1838,38.75,24,0,5.12
108,Coquimbo,CL,2021-11-15 23:42:38,-29.9533,-71.3436,60.53,72,0,13.8
109,Port Alfred,ZA,2021-11-15 23:42:38,-33.5906,26.891,63.75,77,100,15.55
110,Baykit,RU,2021-11-15 23:42:39,61.67,96.37,12.27,97,99,0.16
111,Tessalit,ML,2021-11-15 23:42:39,20.1986,1.0114,72.93,25,45,7.52
112,Westport,US,2021-11-15 23:42:39,41.1415,-73.3579,46.8,65,1,5.01
113,Nikolskoye,RU,2021-11-15 23:42:40,59.7035,30.7861,32.02,74,61,10.16
114,Kemin,KG,2021-11-15 23:42:40,42.7846,75.6892,31.96,66,72,8.88
115,Xam Nua,LA,2021-11-15 23:42:40,20.4197,104.0439,60.31,96,99,1.99
116,Zhigansk,RU,2021-11-15 23:42:40,66.7697,123.3711,-26.82,100,90,2.21
117,Arman,RU,2021-11-15 23:42:41,59.7,150.1667,19.02,79,99,9.62
118,Beringovskiy,RU,2021-11-15 23:42:41,63.05,179.3167,27.97,96,100,11.61
119,Hobart,AU,2021-11-15 23:41:06,-42.8794,147.3294,56.01,59,75,1.99
120,Vardo,NO,2021-11-15 23:42:41,70.3705,31.1107,35.8,80,86,30.47
121,Kapaa,US,2021-11-15 23:42:42,22.0752,-159.319,80.58,74,90,4.0
122,Palmer,US,2021-11-15 23:42:42,42.1584,-72.3287,43.81,68,40,3.0
123,Berlevag,NO,2021-11-15 23:42:42,70.8578,29.0864,40.95,81,75,21.85
124,Batagay,RU,2021-11-15 23:42:42,67.6333,134.6333,-10.35,98,100,1.99
125,Kirakira,SB,2021-11-15 23:42:43,-10.4544,161.9205,85.73,64,71,7.78
126,Challans,FR,2021-11-15 23:42:43,46.8436,-1.8749,45.52,92,13,7.43
127,Alofi,NU,2021-11-15 23:42:43,-19.0595,-169.9187,82.29,54,75,12.66
128,East London,ZA,2021-11-15 23:42:44,-33.0153,27.9116,66.79,67,100,15.55
129,The Valley,AI,2021-11-15 23:42:44,18.217,-63.0578,82.54,74,40,12.66
130,Saskylakh,RU,2021-11-15 23:42:44,71.9167,114.0833,-27.56,100,55,3.71
131,Andenes,NO,2021-11-15 23:42:44,69.3143,16.1194,40.98,87,75,18.41
132,Oranjestad,AW,2021-11-15 23:42:34,12.524,-70.027,82.35,78,20,18.41
133,Nome,US,2021-11-15 23:42:45,64.5011,-165.4064,6.87,66,1,0.0
134,Kavaratti,IN,2021-11-15 23:42:45,10.5669,72.642,80.83,79,100,13.67
135,Meadow Lake,US,2021-11-15 23:42:45,34.8014,-106.5436,69.24,26,9,2.84
136,Barrow,US,2021-11-15 23:42:46,71.2906,-156.7887,6.82,72,90,18.41
137,Sibolga,ID,2021-11-15 23:43:46,1.7427,98.7792,76.39,81,95,3.22
138,Sorland,NO,2021-11-15 23:43:46,67.667,12.6934,46.11,85,86,26.51
139,Butaritari,KI,2021-11-15 23:43:47,3.0707,172.7902,82.33,69,94,15.9
140,Hofn,IS,2021-11-15 23:43:47,64.2539,-15.2082,40.71,80,22,28.36
141,Nagua,DO,2021-11-15 23:43:47,19.3832,-69.8474,78.85,83,20,6.91
142,Kavieng,PG,2021-11-15 23:43:47,-2.5744,150.7967,82.6,75,100,13.11
143,Alibag,IN,2021-11-15 23:43:48,18.6411,72.8792,82.47,73,96,5.66
144,Tumut,AU,2021-11-15 23:43:48,-35.3,148.2167,54.59,49,1,5.19
145,Rocha,UY,2021-11-15 23:43:48,-34.4833,-54.3333,64.42,96,13,6.98
146,Micheweni,TZ,2021-11-15 23:43:49,-4.9667,39.8333,77.32,82,36,5.64
147,Longyearbyen,SJ,2021-11-15 23:40:25,78.2186,15.6401,19.24,68,75,24.16
148,Port Elizabeth,ZA,2021-11-15 23:43:49,-33.918,25.5701,65.1,77,0,14.97
149,Bosconia,CO,2021-11-15 23:43:50,9.9689,-73.8836,78.94,81,24,5.32
150,Mersin,TR,2021-11-15 23:43:50,36.862,34.6509,49.35,29,3,4.32
151,Pasighat,IN,2021-11-15 23:43:50,28.0667,95.3333,60.31,51,10,3.31
152,Batagay-Alyta,RU,2021-11-15 23:43:50,67.8006,130.4114,-16.19,89,68,4.7
153,Wanning,CN,2021-11-15 23:43:51,18.8003,110.3967,75.2,84,95,7.52
154,Muros,ES,2021-11-15 23:43:51,42.7762,-9.0603,56.23,80,100,15.17
155,Mackay,AU,2021-11-15 23:40:30,-21.15,149.2,86.68,58,75,8.05
156,Kaitangata,NZ,2021-11-15 23:43:51,-46.2817,169.8464,62.92,39,77,9.71
157,Amberley,US,2021-11-15 23:43:52,39.2048,-84.428,40.42,80,90,3.0
158,Portland,US,2021-11-15 23:43:52,45.5234,-122.6762,54.41,84,75,1.99
159,Maceio,BR,2021-11-15 23:43:52,-9.6658,-35.7353,80.04,83,75,8.05
160,New Norfolk,AU,2021-11-15 23:43:52,-42.7826,147.0587,54.72,57,91,1.99
161,Brodokalmak,RU,2021-11-15 23:43:53,55.5748,62.082,7.7,92,76,7.34
162,Kloulklubed,PW,2021-11-15 23:43:53,7.0419,134.2556,82.9,73,88,8.52
163,Bubaque,GW,2021-11-15 23:43:53,11.2833,-15.8333,83.61,65,67,12.08
164,Pevek,RU,2021-11-15 23:43:54,69.7008,170.3133,18.19,87,100,7.96
165,Dikson,RU,2021-11-15 23:43:54,73.5069,80.5464,-12.32,94,35,4.03
166,Clyde River,CA,2021-11-15 23:43:54,70.4692,-68.5914,10.63,100,75,19.57
167,Kahului,US,2021-11-15 23:43:55,20.8947,-156.47,84.22,80,75,19.57
168,Antunez,MX,2021-11-15 23:43:55,19.0167,-102.2,78.1,50,59,1.16
169,Vangaindrano,MG,2021-11-15 23:43:55,-23.35,47.6,72.07,92,77,6.38
170,Salalah,OM,2021-11-15 23:43:55,17.0151,54.0924,73.49,56,0,3.44
171,Faya,SA,2021-11-15 23:43:56,18.3851,42.4509,59.52,78,0,2.77
172,Lavrentiya,RU,2021-11-15 23:43:56,65.5833,-171.0,15.39,90,95,7.36
173,Kralendijk,BQ,2021-11-15 23:43:56,12.15,-68.2667,80.58,83,20,13.8
174,Quatre Cocos,MU,2021-11-15 23:43:56,-20.2078,57.7625,75.09,68,69,7.07
175,Atuona,PF,2021-11-15 23:43:57,-9.8,-139.0333,77.2,78,17,10.96
176,Huarmey,PE,2021-11-15 23:43:57,-10.0681,-78.1522,64.8,84,44,8.21
177,Kollam,IN,2021-11-15 23:43:57,8.8833,76.6,76.87,87,91,0.4
178,Sosua,DO,2021-11-15 23:41:48,19.7667,-70.5167,84.18,89,20,0.0
179,Mount Isa,AU,2021-11-15 23:43:58,-20.7333,139.5,78.57,17,12,13.8
180,Hervey Bay,AU,2021-11-15 23:42:42,-25.2986,152.8535,85.03,71,23,2.21
181,Iqaluit,CA,2021-11-15 23:43:58,63.7506,-68.5145,-2.31,70,20,20.0
182,Isangel,VU,2021-11-15 23:43:58,-19.55,169.2667,84.31,74,75,5.75
183,Avarua,CK,2021-11-15 23:44:59,-21.2078,-159.775,78.85,73,20,8.05
184,Candido Mendes,BR,2021-11-15 23:44:59,-1.4467,-45.7167,75.42,93,62,3.76
185,Nanortalik,GL,2021-11-15 23:44:59,60.1432,-45.2371,19.85,62,0,33.96
186,Arlit,NE,2021-11-15 23:44:59,18.7369,7.3853,76.77,20,56,11.07
187,Tasiilaq,GL,2021-11-15 23:45:00,65.6145,-37.6368,26.76,62,48,11.39
188,Lompoc,US,2021-11-15 23:40:02,34.6391,-120.4579,84.34,92,75,13.8
189,Ambon,ID,2021-11-15 23:45:00,-3.6954,128.1814,82.36,74,90,4.36
190,Cooma,AU,2021-11-15 23:45:00,-36.2333,149.1333,46.17,61,40,14.97
191,Garowe,SO,2021-11-15 23:45:01,8.4054,48.4845,68.14,80,54,8.39
192,Pergamino,AR,2021-11-15 23:45:01,-33.89,-60.5736,77.18,59,21,4.16
193,Fortuna,US,2021-11-15 23:45:01,40.5982,-124.1573,62.92,72,90,0.0
194,Nyamuswa,TZ,2021-11-15 23:45:02,-1.9,34.0167,67.51,66,100,4.99
195,Banda Aceh,ID,2021-11-15 23:45:02,5.5577,95.3222,78.67,81,99,9.93
196,Labuhan,ID,2021-11-15 23:45:03,-6.8844,112.2051,77.59,81,100,6.87
197,Tiksi,RU,2021-11-15 23:45:03,71.6872,128.8694,-9.17,94,98,6.04
198,Kyabe,TD,2021-11-15 23:45:03,9.4515,18.9449,79.11,30,56,1.01
199,Karpathos,GR,2021-11-15 23:45:04,35.507,27.2132,64.36,72,1,11.5
200,Rio Branco,BR,2021-11-15 23:45:04,-9.9747,-67.81,79.41,94,40,4.61
201,Pacific Grove,US,2021-11-15 23:41:42,36.6177,-121.9166,71.15,82,1,3.0
202,Klaksvik,FO,2021-11-15 23:45:04,62.2266,-6.589,49.12,93,100,38.32
203,Torbay,CA,2021-11-15 23:45:04,47.6666,-52.7314,41.58,97,90,8.05
204,Mayna,RU,2021-11-15 23:45:05,54.1135,47.6231,15.98,96,90,6.04
205,Saldanha,ZA,2021-11-15 23:45:05,-33.0117,17.9442,60.85,94,83,10.83
206,Bowen,AU,2021-11-15 23:45:05,-20.0167,148.2333,82.62,68,35,13.24
207,Jijiga,ET,2021-11-15 23:45:06,9.35,42.8,62.15,52,4,0.6
208,Conceicao Da Barra,BR,2021-11-15 23:40:18,-18.5933,-39.7322,68.47,74,34,5.86
209,Bonavista,CA,2021-11-15 23:45:06,48.6499,-53.1147,43.12,90,100,13.96
210,Panama City,PA,2021-11-15 23:45:06,8.9936,-79.5197,82.06,78,40,6.91
211,Hovd,MN,2021-11-15 23:45:07,48.0056,91.6419,23.05,43,5,3.71
212,Ahuimanu,US,2021-11-15 23:45:07,21.4447,-157.8378,82.11,69,90,5.75
213,Kodiak,US,2021-11-15 23:40:15,57.79,-152.4072,31.51,55,1,0.0
214,Kijang,KR,2021-11-15 23:45:07,35.2442,129.2139,44.33,48,100,2.93
215,Nanning,CN,2021-11-15 23:45:08,22.8167,108.3167,64.85,77,100,5.23
216,San Carlos De Bariloche,AR,2021-11-15 23:45:08,-41.1456,-71.3082,47.95,40,20,13.8
217,Marquette,US,2021-11-15 23:45:08,46.5333,-87.6335,30.34,92,89,3.56
218,Dingle,PH,2021-11-15 23:45:08,10.9995,122.6711,79.5,89,99,7.96
219,Alyangula,AU,2021-11-15 23:45:09,-13.8483,136.4192,85.87,54,95,6.91
220,Jining,CN,2021-11-15 23:45:09,35.405,116.5814,50.0,1,8,5.57
221,Hay River,CA,2021-11-15 23:45:09,60.8156,-115.7999,21.18,79,75,4.61
222,Kruisfontein,ZA,2021-11-15 23:45:10,-34.0033,24.7314,62.89,73,100,14.7
223,Zory,PL,2021-11-15 23:41:20,50.0452,18.7006,42.55,93,3,2.59
224,Sergeyevka,KZ,2021-11-15 23:45:10,53.88,67.4158,1.0,99,96,3.22
225,Tiarei,PF,2021-11-15 23:45:10,-17.5333,-149.3333,86.02,77,74,15.46
226,Myitkyina,MM,2021-11-15 23:45:11,25.3833,97.4,61.11,96,43,2.01
227,Lang Son,VN,2021-11-15 23:42:25,21.8333,106.7333,66.72,81,100,1.3
228,Kulhudhuffushi,MV,2021-11-15 23:45:11,6.6221,73.07,80.78,79,100,17.67
229,Geraldton,AU,2021-11-15 23:46:11,-28.7667,114.6,66.61,77,75,9.22
230,Aykhal,RU,2021-11-15 23:46:11,66.0,111.5,1.51,98,100,1.01
231,Leningradskiy,RU,2021-11-15 23:46:12,69.3833,178.4167,13.59,95,99,9.86
232,Nabire,ID,2021-11-15 23:46:12,-3.3667,135.4833,76.3,93,100,4.5
233,Ierapetra,GR,2021-11-15 23:46:12,35.01,25.7353,64.58,69,2,5.99
234,Chokurdakh,RU,2021-11-15 23:46:13,70.6333,147.9167,6.93,96,100,3.76
235,Termiz,UZ,2021-11-15 23:46:13,37.2242,67.2783,39.29,87,1,4.61
236,Stokmarknes,NO,2021-11-15 23:46:14,68.5646,14.9108,47.5,85,70,12.17
237,Chabahar,IR,2021-11-15 23:46:14,25.2919,60.643,73.47,59,43,3.04
238,Fillan,NO,2021-11-15 23:46:14,63.6064,8.9696,46.38,79,100,9.6
239,Domoni,KM,2021-11-15 23:46:14,-12.2569,44.5319,77.23,83,28,0.47
240,San Cristobal,VE,2021-11-15 23:41:36,7.7669,-72.225,69.06,83,59,0.65
241,Porto Novo,BJ,2021-11-15 23:45:51,6.4965,2.6036,84.02,82,41,7.29
242,Ginda,IN,2021-11-15 23:46:15,30.6945,78.4932,43.36,22,0,7.52
243,Moranbah,AU,2021-11-15 23:46:15,-22.0016,148.0466,84.43,43,6,4.54
244,Newark,US,2021-11-15 23:41:49,40.7357,-74.1724,46.98,72,75,1.99
245,Marawi,PH,2021-11-15 23:46:15,7.9986,124.2928,68.65,88,96,1.83
246,Uglegorskiy,RU,2021-11-15 23:46:16,48.2427,41.2531,26.22,82,10,10.04
247,Lushoto,TZ,2021-11-15 23:46:16,-4.7833,38.2833,56.25,87,53,1.39
248,Tashtagol,RU,2021-11-15 23:46:16,52.7657,87.8894,23.5,93,100,9.57
249,Loyga,RU,2021-11-15 23:46:17,61.0784,44.6075,25.2,92,100,12.84
250,Naifaru,MV,2021-11-15 23:46:17,5.4444,73.3657,81.57,79,100,21.54
251,Machida,JP,2021-11-15 23:46:18,35.5403,139.4508,60.42,62,75,3.44
252,Outlook,CA,2021-11-15 23:46:18,51.5001,-107.0513,37.09,87,100,13.71
253,Port Hardy,CA,2021-11-15 23:46:18,50.6996,-127.4199,41.18,75,75,11.5
254,Jizan,SA,2021-11-15 23:46:19,17.3333,42.6667,79.74,72,0,1.25
255,Carberry,CA,2021-11-15 23:46:19,49.8689,-99.3602,28.63,97,100,7.27
256,Ilulissat,GL,2021-11-15 23:46:19,69.2167,-51.1,14.02,62,20,2.3
257,Vao,NC,2021-11-15 23:46:20,-22.6667,167.4833,76.57,72,3,10.4
258,Southbridge,US,2021-11-15 23:46:20,42.0751,-72.0334,43.18,73,62,5.99
259,Caravelas,BR,2021-11-15 23:46:20,-17.7125,-39.2481,73.15,66,88,9.62
260,Kuandian,CN,2021-11-15 23:46:20,40.7286,124.7847,34.75,63,0,3.04
261,Alice Springs,AU,2021-11-15 23:41:41,-23.7,133.8833,71.15,30,2,10.36
262,Saint-Francois,FR,2021-11-15 23:46:21,46.4154,3.9054,45.48,90,90,3.44
263,Iquique,CL,2021-11-15 23:43:51,-20.2208,-70.1431,64.44,79,45,0.92
264,Pangody,RU,2021-11-15 23:46:21,65.85,74.4859,-0.33,98,100,7.4
265,Rosarito,MX,2021-11-15 23:46:22,32.3333,-117.0333,83.41,54,0,6.02
266,Gat,IL,2021-11-15 23:43:04,31.61,34.7642,64.4,60,5,1.1
267,Olafsvik,IS,2021-11-15 23:46:22,64.8945,-23.7142,39.61,74,93,25.34
268,Ancud,CL,2021-11-15 23:46:23,-41.8697,-73.8203,54.93,77,18,5.66
269,Nizhneangarsk,RU,2021-11-15 23:46:23,55.7833,109.55,23.41,81,70,6.31
270,Dunedin,NZ,2021-11-15 23:43:01,-45.8742,170.5036,62.38,41,34,13.09
271,Guane,CU,2021-11-15 23:46:23,22.2025,-84.0875,71.28,68,97,8.12
272,Tadine,NC,2021-11-15 23:47:24,-21.55,167.8833,81.95,59,3,9.53
273,Owerri,NG,2021-11-15 23:46:33,5.4833,7.0304,75.49,94,95,4.36
274,Balaipungut,ID,2021-11-15 23:47:24,1.05,101.2833,76.75,89,97,1.86
275,Tuktoyaktuk,CA,2021-11-15 23:47:24,69.4541,-133.0374,-4.0,92,40,9.22
276,San Angelo,US,2021-11-15 23:46:26,31.4638,-100.437,82.62,20,1,9.22
277,Bathsheba,BB,2021-11-15 23:47:25,13.2167,-59.5167,81.21,69,20,18.41
278,Adra,ES,2021-11-15 23:47:25,36.7496,-3.0206,57.45,52,56,3.71
279,Coruripe,BR,2021-11-15 23:47:25,-10.1256,-36.1756,78.51,83,49,12.03
280,Batemans Bay,AU,2021-11-15 23:47:26,-35.7167,150.1833,63.19,35,3,6.69
281,Yellowknife,CA,2021-11-15 23:45:15,62.456,-114.3525,15.42,95,75,4.61
282,Thompson,CA,2021-11-15 23:47:26,55.7435,-97.8558,26.76,93,90,2.3
283,Marsa Matruh,EG,2021-11-15 23:47:26,31.3525,27.2453,64.6,82,40,5.75
284,Bara,NG,2021-11-15 23:47:27,10.3744,10.7288,76.75,25,88,5.73
285,Narsaq,GL,2021-11-15 23:47:27,60.9167,-46.05,16.02,71,1,2.59
286,Vestmanna,FO,2021-11-15 23:47:27,62.1564,-7.1664,47.32,100,90,17.27
287,Barsovo,RU,2021-11-15 23:47:27,61.1667,73.1667,14.13,94,100,10.65
288,Pisco,PE,2021-11-15 23:47:28,-13.7,-76.2167,66.25,77,40,17.27
289,Kangaatsiaq,GL,2021-11-15 23:47:28,68.3065,-53.4641,13.95,88,95,5.68
290,Cherskiy,RU,2021-11-15 23:47:28,68.75,161.3,15.3,86,100,6.46
291,Valparaiso,CL,2021-11-15 23:44:52,-33.0393,-71.6273,65.84,42,0,11.5
292,Varzea Da Palma,BR,2021-11-15 23:47:29,-17.5981,-44.7308,70.14,75,86,6.46
293,Mount Gambier,AU,2021-11-15 23:47:29,-37.8333,140.7667,53.51,71,90,8.05
294,Puerto Gaitan,CO,2021-11-15 23:43:14,4.3133,-72.0816,81.75,53,10,8.34
295,Elizabeth City,US,2021-11-15 23:47:29,36.2946,-76.2511,51.03,59,1,4.61
296,Port Lincoln,AU,2021-11-15 23:47:30,-34.7333,135.8667,57.97,58,98,7.31
297,Lamar,US,2021-11-15 23:47:30,33.6668,-95.5836,73.06,76,0,5.14
298,Itarema,BR,2021-11-15 23:47:30,-2.9248,-39.9167,80.64,77,17,15.79
299,Tupa,BR,2021-11-15 23:47:31,-21.9347,-50.5136,79.75,39,97,5.35
300,Luganville,VU,2021-11-15 23:47:31,-15.5333,167.1667,83.26,76,53,10.36
301,Fethiye,TR,2021-11-15 23:47:31,36.6217,29.1164,53.47,43,16,4.54
302,La Rochelle,FR,2021-11-15 23:47:32,46.1667,-1.15,49.95,87,90,6.91
303,Bambous Virieux,MU,2021-11-15 23:47:32,-20.3428,57.7575,75.22,88,40,5.75
304,Nantucket,US,2021-11-15 23:47:32,41.2835,-70.0995,48.31,59,1,14.97
305,Chillicothe,US,2021-11-15 23:44:07,39.3331,-82.9824,42.51,60,90,1.01
306,Mahibadhoo,MV,2021-11-15 23:47:33,3.7833,72.9667,82.08,77,86,18.59
307,Upernavik,GL,2021-11-15 23:47:33,72.7868,-56.1549,0.79,68,12,6.64
308,Henties Bay,NA,2021-11-15 23:47:33,-22.116,14.2845,63.86,87,95,4.76
309,Morant Bay,JM,2021-11-15 23:47:33,17.8815,-76.4093,82.02,83,78,7.58
310,Katsuura,JP,2021-11-15 23:47:34,35.1333,140.3,61.2,79,25,8.77
311,Hobyo,SO,2021-11-15 23:47:34,5.3505,48.5268,78.51,71,96,8.1
312,Krasnoselkup,RU,2021-11-15 23:47:34,65.7,82.4667,-3.86,96,98,12.62
313,Gornopravdinsk,RU,2021-11-15 23:47:35,60.05,69.9,14.38,95,100,8.61
314,Dalby,AU,2021-11-15 23:47:35,-27.1833,151.2667,75.9,24,97,3.13
315,Korba,IN,2021-11-15 23:47:35,22.35,82.6833,65.97,88,10,4.76
316,Bandarbeyla,SO,2021-11-15 23:47:35,9.4942,50.8122,76.57,74,99,9.53
317,Hokitika,NZ,2021-11-15 23:47:36,-42.7167,170.9667,54.66,76,100,21.92
318,Brawley,US,2021-11-15 23:47:36,32.9787,-115.5303,89.85,14,1,5.75
319,Terra Rica,BR,2021-11-15 23:47:36,-22.7094,-52.6169,76.12,56,62,0.87
320,Soyo,AO,2021-11-15 23:47:37,-6.1349,12.3689,78.3,87,100,5.44
321,Lichinga,MZ,2021-11-15 23:48:37,-13.3128,35.2406,68.09,60,40,6.91
322,Rondonopolis,BR,2021-11-15 23:48:37,-16.4708,-54.6356,74.98,92,100,1.39
323,Sao Joao Da Barra,BR,2021-11-15 23:48:38,-21.6403,-41.0511,70.45,73,42,13.53
324,Servia,GR,2021-11-15 23:48:38,40.1797,21.9944,52.11,71,100,3.44
325,Phanom Sarakham,TH,2021-11-15 23:48:39,13.7479,101.3553,80.49,88,99,6.24
326,Vanimo,PG,2021-11-15 23:48:39,-2.6741,141.3028,79.27,82,100,4.47
327,Termoli,IT,2021-11-15 23:48:39,41.9888,14.9895,58.01,92,100,16.22
328,Seoul,KR,2021-11-15 23:48:39,37.5683,126.9778,37.0,90,1,2.3
329,Vitim,RU,2021-11-15 23:48:40,59.4511,112.5578,29.23,96,100,9.31
330,Faanui,PF,2021-11-15 23:48:40,-16.4833,-151.75,81.03,74,98,10.69
331,Aktau,KZ,2021-11-15 23:48:40,43.65,51.2,34.38,81,78,17.07
332,Mehamn,NO,2021-11-15 23:48:40,71.0357,27.8492,40.91,82,100,26.04
333,Marshall,US,2021-11-15 23:45:51,34.3834,-86.3333,53.94,63,1,0.0
334,Isla Mujeres,MX,2021-11-15 23:48:41,21.2311,-86.731,77.16,69,96,14.29
335,Podyuga,RU,2021-11-15 23:48:42,61.095,40.8647,28.62,69,100,15.23
336,Solnechnyy,RU,2021-11-15 23:48:42,50.7214,136.6319,14.92,73,36,1.41
337,Piacabucu,BR,2021-11-15 23:48:42,-10.4056,-36.4344,78.89,82,61,11.3
338,Kamenka,RU,2021-11-15 23:48:42,51.3223,42.7678,28.18,69,99,8.3
339,Karratha,AU,2021-11-15 23:44:58,-20.7377,116.8463,83.52,32,64,3.38
340,Katherine,AU,2021-11-15 23:48:43,-14.4667,132.2667,84.52,28,94,11.5
341,Cockburn Town,TC,2021-11-15 23:48:44,21.4612,-71.1419,82.36,74,40,9.22
342,Morondava,MG,2021-11-15 23:48:44,-20.2833,44.2833,77.38,78,90,5.95
343,Omis,HR,2021-11-15 23:48:44,43.4447,16.6886,60.73,76,100,5.35
344,Omboue,GA,2021-11-15 23:48:45,-1.5746,9.2618,77.34,89,93,6.64
345,Raudeberg,NO,2021-11-15 23:48:45,61.9875,5.1352,48.96,85,99,8.01
346,Chicama,PE,2021-11-15 23:48:45,-7.8447,-79.1469,63.14,78,64,7.18
347,Gaya,IN,2021-11-15 23:48:45,24.7833,85.0,58.91,94,25,0.0
348,Santa Vitoria Do Palmar,BR,2021-11-15 23:48:46,-33.5189,-53.3681,67.53,88,2,10.51
349,Chail,IN,2021-11-15 23:48:46,25.4333,81.6333,63.27,60,9,2.21
350,Wum,CM,2021-11-15 23:48:46,6.3833,10.0667,66.42,86,82,3.4
351,Kupang,ID,2021-11-15 23:48:47,-10.1667,123.5833,83.61,67,96,4.47
352,Tarko-Sale,RU,2021-11-15 23:48:47,64.9225,77.785,6.19,95,100,12.24
353,Plettenberg Bay,ZA,2021-11-15 23:48:47,-34.0527,23.3716,61.59,80,97,9.22
354,Charters Towers,AU,2021-11-15 23:48:48,-20.1,146.2667,86.11,49,2,9.95
355,Hambantota,LK,2021-11-15 23:48:48,6.1241,81.1185,79.05,82,97,14.83
356,Adrar,MR,2021-11-15 23:48:48,20.5022,-10.0711,73.69,31,99,9.62
357,Atar,MR,2021-11-15 23:48:48,20.5169,-13.0499,80.71,28,100,6.24
358,Fort-Shevchenko,KZ,2021-11-15 23:48:49,44.5086,50.263,38.91,96,100,24.29
359,Honiara,SB,2021-11-15 23:48:49,-9.4333,159.95,88.11,61,100,7.54
360,Vestmannaeyjar,IS,2021-11-15 23:48:50,63.4427,-20.2734,39.15,71,100,36.78
361,Tuatapere,NZ,2021-11-15 23:48:50,-46.1333,167.6833,49.66,83,91,9.51
362,Mayo,US,2021-11-15 23:48:50,38.8876,-76.5119,45.3,53,20,8.01
363,Rioja,AR,2021-11-15 23:45:58,-29.4111,-66.8507,84.51,44,0,10.45
364,Vagur,FO,2021-11-15 23:48:50,61.4732,-6.8119,48.67,91,100,42.12
365,Aklavik,CA,2021-11-15 23:48:51,68.2191,-135.0107,5.0,85,90,4.61
366,Norman Wells,CA,2021-11-15 23:48:51,65.282,-126.8329,1.44,85,75,4.61
367,Serenje,ZM,2021-11-15 23:48:51,-13.2325,30.2352,60.71,83,46,2.51
368,Natal,BR,2021-11-15 23:44:12,-5.795,-35.2094,81.25,78,20,13.8
369,Borogontsy,RU,2021-11-15 23:49:52,62.6683,131.1683,-20.36,99,65,2.06
370,Sistranda,NO,2021-11-15 23:49:52,63.7256,8.834,46.9,80,100,17.9
371,Birjand,IR,2021-11-15 23:49:53,32.8663,59.2211,39.67,30,0,6.91
372,Rupert,US,2021-11-15 23:49:53,42.6191,-113.6772,64.35,36,1,8.05
373,Harper,LR,2021-11-15 23:49:53,4.375,-7.7169,78.75,84,41,6.17
374,Japura,ID,2021-11-15 23:49:53,-0.3167,102.35,75.51,94,98,1.95
375,Herat,AF,2021-11-15 23:49:54,34.5,62.0,47.53,44,99,5.1
376,Emba,KZ,2021-11-15 23:49:54,48.8264,58.1442,26.78,94,100,9.26
377,Khani,GE,2021-11-15 23:49:54,41.9563,42.9566,42.37,97,95,5.17
378,Hasaki,JP,2021-11-15 23:49:55,35.7333,140.8333,57.6,71,86,9.93
379,Ratnapura,LK,2021-11-15 23:49:55,6.6828,80.3992,74.64,98,100,2.3
380,Bar Harbor,US,2021-11-15 23:49:55,44.3876,-68.2039,43.11,76,90,6.91
381,Ayagoz,KZ,2021-11-15 23:49:56,47.9714,80.4392,24.4,97,100,3.47
382,Lexington,US,2021-11-15 23:47:16,37.9887,-84.4777,42.12,58,40,0.0
383,Huntsville,US,2021-11-15 23:45:11,34.7304,-86.5861,54.16,63,1,10.0
384,Haines Junction,CA,2021-11-15 23:49:56,60.7522,-137.5108,8.55,72,76,3.44
385,Sydney,AU,2021-11-15 23:45:07,-33.8679,151.2073,68.34,40,40,11.99
386,Tanout,NE,2021-11-15 23:49:57,14.9709,8.8879,78.96,14,99,8.28
387,Kenai,US,2021-11-15 23:49:57,60.5544,-151.2583,16.14,80,1,4.61
388,Antalaha,MG,2021-11-15 23:49:57,-14.9003,50.2788,75.2,80,82,3.91
389,Bucerias,MX,2021-11-15 23:47:46,20.75,-105.3333,78.44,75,100,2.15
390,Guerrero Negro,MX,2021-11-15 23:49:58,27.9769,-114.0611,77.11,39,0,11.5
391,Stromness,GB,2021-11-15 23:49:58,58.965,-3.296,48.45,87,99,11.99
392,Yar-Sale,RU,2021-11-15 23:49:58,66.8333,70.8333,4.28,97,76,7.25
393,Xingyi,CN,2021-11-15 23:49:59,24.1877,102.817,54.18,99,100,3.96
394,Pembroke,CA,2021-11-15 23:46:40,45.8168,-77.1162,35.58,84,80,7.9
395,Jalu,LY,2021-11-15 23:49:59,29.0331,21.5482,66.88,66,99,11.83
396,Gladstone,AU,2021-11-15 23:47:25,-23.85,151.25,87.78,61,40,6.91
397,Saint-Augustin,CA,2021-11-15 23:50:00,51.226,-58.6502,37.99,97,100,11.81
398,Mikhaylovka,RU,2021-11-15 23:50:00,50.06,43.2379,30.02,70,82,12.93
399,San Patricio,US,2021-11-15 23:50:00,28.017,-97.5169,81.01,67,0,13.87
400,Zaragoza,ES,2021-11-15 23:47:56,41.6561,-0.8773,51.03,66,0,11.01
401,Port Blair,IN,2021-11-15 23:50:01,11.6667,92.75,79.74,85,89,7.43
402,Chandia,IN,2021-11-15 23:50:01,23.65,80.7,56.25,67,46,4.0
403,Tilichiki,RU,2021-11-15 23:50:02,60.4667,166.1,20.88,95,83,7.34
404,Aswan,EG,2021-11-15 23:50:02,24.0934,32.907,70.9,49,0,8.05
405,Cobija,BO,2021-11-15 23:50:02,-11.0267,-68.7692,80.13,69,94,2.19
406,Omsukchan,RU,2021-11-15 23:50:03,62.5333,155.8,6.93,99,100,3.6
407,Osoyoos,CA,2021-11-15 23:50:03,49.0331,-119.4524,62.19,58,100,16.11
408,Pampa,US,2021-11-15 23:50:03,35.5362,-100.9599,79.75,23,1,4.61
409,Ustyuzhna,RU,2021-11-15 23:50:04,58.8394,36.4321,28.49,72,76,13.31
410,Avera,US,2021-11-15 23:50:04,33.194,-82.5271,56.53,37,0,6.26
411,Tabou,CI,2021-11-15 23:50:05,4.423,-7.3528,78.31,85,41,6.17
412,Houma,US,2021-11-15 23:50:05,29.5958,-90.7195,68.0,72,0,1.99
413,Linqiong,CN,2021-11-15 23:50:05,30.4159,103.4609,49.82,76,99,0.43
414,Nioki,CD,2021-11-15 23:50:06,-2.7167,17.6833,71.42,96,99,0.87
415,Touros,BR,2021-11-15 23:49:44,-5.1989,-35.4608,81.5,75,75,14.23
416,Damietta,EG,2021-11-15 23:51:06,31.4165,31.8133,73.29,76,33,6.38
417,Suileng,CN,2021-11-15 23:51:06,47.25,127.0833,11.53,98,96,4.88
418,Amazar,RU,2021-11-15 23:51:07,53.858,120.875,15.69,77,15,2.44
419,Shache,CN,2021-11-15 23:51:07,38.4167,77.2406,34.77,39,0,5.06
420,Yerbogachen,RU,2021-11-15 23:51:07,61.2767,108.0108,7.88,99,96,3.38
421,Severnyy,RU,2021-11-15 23:51:08,50.677,36.5532,24.84,74,0,6.71
422,Singaraja,ID,2021-11-15 23:51:08,-8.112,115.0882,80.1,82,100,1.48
423,Tarboro,US,2021-11-15 23:51:08,35.8968,-77.5358,44.58,81,1,0.0
424,Ugoofaaru,MV,2021-11-15 23:51:09,5.6667,73.0,81.25,79,98,21.21
425,Urdoma,RU,2021-11-15 23:51:09,61.7533,48.5442,23.79,93,100,12.71
426,Bluefield,US,2021-11-15 23:51:09,37.2698,-81.2223,39.24,65,90,5.75
427,Taoudenni,ML,2021-11-15 23:51:09,22.6783,-3.9836,72.73,17,97,6.69
428,Assiniboia,CA,2021-11-15 23:51:10,49.6334,-105.9845,46.31,93,98,10.36
429,Leh,IN,2021-11-15 23:51:10,34.1667,77.5833,13.59,61,0,4.61
430,Vanavara,RU,2021-11-15 23:51:10,60.34,102.2797,13.53,97,96,4.47
431,Bondo,CD,2021-11-15 23:51:11,3.8146,23.6866,68.16,99,100,0.58
432,Klarup,DK,2021-11-15 23:51:11,57.0119,10.0562,44.49,94,90,1.01
433,Hede,CN,2021-11-15 23:51:11,33.7681,120.2517,56.7,68,100,4.12
434,Hamilton,US,2021-11-15 23:46:16,39.1834,-84.5333,41.11,83,90,1.01
435,Tautira,PF,2021-11-15 23:51:12,-17.7333,-149.15,86.02,80,85,18.75
436,Fukue,JP,2021-11-15 23:51:12,32.6881,128.8419,52.16,93,75,3.44
437,Kailua,US,2021-11-15 23:51:12,21.4022,-157.7394,82.38,70,90,5.75
438,Cayenne,GF,2021-11-15 23:51:12,4.9333,-52.3333,82.09,85,50,3.0
439,Benghazi,LY,2021-11-15 23:51:13,32.1167,20.0667,68.81,69,17,8.01
440,Cidreira,BR,2021-11-15 23:51:13,-30.1811,-50.2056,69.71,84,14,24.76
441,Tarakan,ID,2021-11-15 23:51:13,3.3,117.6333,77.61,86,100,6.93
442,Severo-Kurilsk,RU,2021-11-15 23:51:14,50.6789,156.125,35.71,65,85,19.73
443,Gigmoto,PH,2021-11-15 23:51:14,13.7796,124.39,81.54,86,94,10.85
444,Simoes,BR,2021-11-15 23:51:14,-7.5989,-40.8178,78.84,56,94,1.74
445,Osakarovka,KZ,2021-11-15 23:51:15,50.565,72.5692,15.42,96,100,4.27
446,Rio Grande,BR,2021-11-15 23:51:15,-32.035,-52.0986,73.51,87,17,18.97
447,Teguldet,RU,2021-11-15 23:51:15,57.3064,88.1667,12.54,90,100,7.47
448,Westerland,DE,2021-11-15 23:51:15,54.9079,8.3033,43.18,87,90,5.75
449,Horsham,GB,2021-11-15 23:51:16,51.064,-0.3272,51.31,86,75,1.14
450,Maumere,ID,2021-11-15 23:51:16,-8.6199,122.2111,83.26,71,93,2.01
451,Tamasopo,MX,2021-11-15 23:51:16,21.9333,-99.4833,57.27,94,0,2.98
452,Verkhnevilyuysk,RU,2021-11-15 23:51:17,63.4453,120.3167,-12.15,100,95,2.77
453,Senanga,ZM,2021-11-15 23:51:17,-16.1167,23.2667,73.15,60,93,2.93
454,Butterworth,MY,2021-11-15 23:51:17,5.3991,100.3638,80.01,92,20,1.99
455,Saint-Joseph,RE,2021-11-15 23:51:17,-21.3667,55.6167,71.98,84,52,0.45
456,Souillac,MU,2021-11-15 23:51:18,-20.5167,57.5167,75.36,88,40,5.75
457,Odweyne,SO,2021-11-15 23:51:18,9.4092,45.064,66.18,62,39,4.72
458,Los Llanos De Aridane,ES,2021-11-15 23:51:18,28.6585,-17.9182,65.95,72,75,5.01
459,Toppenish,US,2021-11-15 23:51:18,46.3774,-120.3087,62.85,54,96,26.46
460,Skibbereen,IE,2021-11-15 23:51:19,51.55,-9.2667,48.0,86,100,4.05
461,Marystown,CA,2021-11-15 23:52:19,47.1666,-55.1483,46.85,100,100,5.99
462,Estelle,US,2021-11-15 23:52:19,29.8458,-90.1067,69.8,64,20,4.61
463,Puerto Escondido,MX,2021-11-15 23:52:20,15.85,-97.0667,78.51,71,12,0.16
464,Vaitape,PF,2021-11-15 23:52:20,-16.5167,-151.75,81.0,74,99,10.47
465,Port Hedland,AU,2021-11-15 23:52:20,-20.3167,118.5667,82.45,61,86,5.75
466,Merauke,ID,2021-11-15 23:52:20,-8.4667,140.3333,80.55,82,100,6.64
467,Tual,ID,2021-11-15 23:52:21,-5.6667,132.75,83.25,72,97,9.01
468,Dolores,AR,2021-11-15 23:52:21,-36.3132,-57.6792,66.61,88,67,11.68
469,Manoel Urbano,BR,2021-11-15 23:52:21,-8.8389,-69.2597,79.92,76,99,2.1
470,Victoria,HK,2021-11-15 23:52:22,22.2855,114.1577,72.32,76,14,1.99
471,Yaan,NG,2021-11-15 23:52:22,7.3833,8.5667,78.6,70,83,5.14
472,Tonj,SS,2021-11-15 23:52:22,7.2737,28.6822,76.33,48,61,3.69
473,Lata,PT,2021-11-15 23:52:22,40.1629,-8.3327,55.81,69,71,3.96
474,Qinnan,CN,2021-11-15 23:52:23,33.2531,119.9133,55.81,59,100,3.22
475,Kozhva,RU,2021-11-15 23:52:23,65.1073,57.0459,21.11,93,100,10.63
476,Mikkeli,FI,2021-11-15 23:52:23,61.6886,27.2723,39.31,87,90,13.8
477,Celestun,MX,2021-11-15 23:52:24,20.8667,-90.4,75.22,66,8,17.07
478,Nador,MA,2021-11-15 23:52:24,35.174,-2.9287,57.45,67,0,4.61
479,Naze,JP,2021-11-15 23:52:24,28.3667,129.4833,63.52,57,9,8.57
480,Antofagasta,CL,2021-11-15 23:52:25,-23.65,-70.4,61.88,82,27,6.46
481,Otradnoye,RU,2021-11-15 23:52:25,59.7775,30.8181,33.04,74,57,10.27
482,Quelimane,MZ,2021-11-15 23:52:25,-17.8786,36.8883,78.75,88,40,1.99
483,Alakurtti,RU,2021-11-15 23:52:25,66.9672,30.3491,33.64,98,100,9.6
484,Kieta,PG,2021-11-15 23:52:26,-6.2167,155.6333,84.29,72,98,3.67
485,Gander,CA,2021-11-15 23:52:26,48.9682,-54.5906,39.33,100,90,18.01
486,Vizinga,RU,2021-11-15 23:52:26,61.0749,50.1031,22.55,92,100,12.17
487,Pangnirtung,CA,2021-11-15 23:52:27,66.1451,-65.7125,6.8,78,20,3.44
488,Inirida,CO,2021-11-15 23:52:27,3.8653,-67.9239,77.11,88,78,1.48
489,Hami,CN,2021-11-15 23:52:27,42.8,93.45,32.88,53,100,7.36
490,Czechowice-Dziedzice,PL,2021-11-15 23:52:28,49.9134,19.0048,42.49,89,4,1.9
491,Tocopilla,CL,2021-11-15 23:52:28,-22.092,-70.1979,65.12,72,97,9.53
492,Vrangel,RU,2021-11-15 23:52:28,42.7297,133.0839,35.98,50,1,5.37
493,Mnogovershinnyy,RU,2021-11-15 23:52:28,53.9353,139.9242,15.4,78,98,11.14
494,Mukdahan,TH,2021-11-15 23:52:29,16.5833,104.5,70.68,87,22,6.78
495,Ostrovnoy,RU,2021-11-15 23:52:29,68.0531,39.5131,26.51,96,100,5.03
496,Inhambane,MZ,2021-11-15 23:52:29,-23.865,35.3833,73.47,86,17,10.42
497,Kalabo,ZM,2021-11-15 23:52:29,-14.97,22.6814,69.1,78,67,3.53
498,Timmins,CA,2021-11-15 23:49:58,48.4669,-81.3331,24.62,86,90,5.75
499,Pahrump,US,2021-11-15 23:52:30,36.2083,-115.9839,78.44,13,50,4.16
500,Fergus Falls,US,2021-11-15 23:52:30,46.283,-96.0776,33.78,82,1,4.0
501,Vila Franca Do Campo,PT,2021-11-15 23:52:31,37.7167,-25.4333,66.61,82,53,11.36
502,Hirapur,IN,2021-11-15 23:52:31,21.5333,79.7667,66.34,58,77,5.53
503,Yahotyn,UA,2021-11-15 23:52:31,50.2798,31.7625,30.11,76,10,6.85
504,Shelburne,CA,2021-11-15 23:52:31,44.0787,-80.2041,33.76,95,29,6.4
505,Pasan,IN,2021-11-15 23:52:32,22.85,82.2,59.32,81,25,2.26
506,Wattegama,LK,2021-11-15 23:53:32,6.7989,81.4808,73.02,93,70,2.26
507,Channel-Port Aux Basques,CA,2021-11-15 23:53:32,47.5702,-59.1367,46.06,93,100,37.13
508,Serafimovich,RU,2021-11-15 23:53:33,49.5786,42.736,30.06,72,60,13.04
509,Kemijarvi,FI,2021-11-15 23:53:33,66.7131,27.4306,33.51,97,100,8.59
510,Hrubieszow,PL,2021-11-15 23:53:33,50.805,23.8925,37.56,84,0,10.4
511,Biu,NG,2021-11-15 23:53:34,10.6129,12.1946,72.63,22,91,4.03
512,Oudtshoorn,ZA,2021-11-15 23:53:34,-33.5907,22.2014,61.16,71,100,3.04
513,Gorontalo,ID,2021-11-15 23:53:34,0.5412,123.0595,81.77,77,100,1.41
514,Kungsbacka,SE,2021-11-15 23:53:34,57.4872,12.0761,43.25,82,100,3.0
515,Roald,NO,2021-11-15 23:53:35,62.5833,6.1333,50.14,81,75,13.8
516,Akyab,MM,2021-11-15 23:53:35,20.15,92.9,75.34,88,63,4.72
517,Keningau,MY,2021-11-15 23:53:35,5.3378,116.1602,75.65,93,100,0.31
518,Korsakov,RU,2021-11-15 23:53:36,46.6328,142.7813,31.84,53,40,18.57
519,Ruteng,ID,2021-11-15 23:53:36,-8.6136,120.4721,66.92,87,99,0.51
520,Aksu,CN,2021-11-15 23:53:36,41.1231,80.2644,32.72,47,6,5.3
521,Luanda,AO,2021-11-15 23:53:17,-8.8368,13.2343,77.58,85,90,11.25
522,Shahreza,IR,2021-11-15 23:53:37,32.0339,51.8794,44.87,39,60,2.35
523,Labytnangi,RU,2021-11-15 23:53:37,66.6572,66.4183,2.28,98,78,3.91
524,Samarai,PG,2021-11-15 23:53:37,-10.6167,150.6667,84.63,75,69,10.25
525,Mayumba,GA,2021-11-15 23:53:37,-3.432,10.6554,77.76,89,100,2.8
526,Mutoko,ZW,2021-11-15 23:53:38,-17.397,32.2268,64.56,72,1,3.51
527,Kimbe,PG,2021-11-15 23:53:38,-5.5502,150.1429,86.88,66,96,3.15
528,Shumskiy,RU,2021-11-15 23:53:38,54.8318,99.1328,26.15,94,100,1.57
529,Humberto De Campos,BR,2021-11-15 23:53:39,-2.5983,-43.4611,77.61,86,54,5.41
530,Bambanglipuro,ID,2021-11-15 23:53:08,-7.95,110.2833,61.61,86,100,0.34
531,Arequipa,PE,2021-11-15 23:53:39,-16.3989,-71.535,60.87,47,0,5.75
532,Anadyr,RU,2021-11-15 23:53:39,64.75,177.4833,27.1,80,75,11.18
533,Ternate,ID,2021-11-15 23:53:40,0.8,127.4,82.9,73,92,2.51
534,Buala,SB,2021-11-15 23:53:40,-8.145,159.5921,85.53,67,96,7.05
535,Washougal,US,2021-11-15 23:53:40,45.5826,-122.3534,54.28,84,100,3.0
536,Matagami,CA,2021-11-15 23:53:40,49.7502,-77.6328,28.51,100,90,13.8
537,Gunzenhausen,DE,2021-11-15 23:53:41,49.1,10.75,43.18,92,60,1.97
538,Praia,CV,2021-11-15 23:53:41,14.9215,-23.5087,75.74,78,40,11.5
539,Montepuez,MZ,2021-11-15 23:53:41,-13.1256,38.9997,68.5,88,7,3.38
540,Chifeng,CN,2021-11-15 23:53:42,42.2683,118.9636,27.59,75,4,4.07
541,Murgab,TM,2021-11-15 23:53:42,37.4966,61.9714,46.27,81,40,13.8
542,Deputatskiy,RU,2021-11-15 23:53:42,69.3,139.9,-0.09,97,100,2.86
543,Yakeshi,CN,2021-11-15 23:53:42,49.2833,120.7333,19.78,83,25,4.97
544,Fort Nelson,CA,2021-11-15 23:53:43,58.8053,-122.7002,13.59,92,90,6.91
545,Belmonte,BR,2021-11-15 23:53:43,-15.8631,-38.8828,72.1,94,100,7.76
546,Vostok,RU,2021-11-15 23:53:43,46.4856,135.8833,19.09,83,52,6.58
547,Bhawana,PK,2021-11-15 23:53:44,31.5692,72.649,59.95,23,0,1.63
548,Hadrut,AZ,2021-11-15 23:53:44,39.52,47.0318,43.39,74,86,0.92
549,Lasa,IT,2021-11-15 23:53:44,46.6166,10.7002,45.48,86,98,0.38
550,Mindyak,RU,2021-11-15 23:53:45,54.0231,58.7891,6.69,96,40,3.31
551,Srednekolymsk,RU,2021-11-15 23:53:45,67.45,153.6833,8.33,95,100,6.78
552,Krasnoborsk,RU,2021-11-15 23:53:45,61.5598,45.934,25.36,92,100,12.73
553,Conchagua,SV,2021-11-15 23:54:45,13.3078,-87.8647,80.13,69,25,2.37
554,Rio Cuarto,AR,2021-11-15 23:54:46,-33.1307,-64.3499,76.77,50,20,8.05
555,San Luis,AR,2021-11-15 23:51:26,-33.295,-66.3356,62.4,61,25,27.09
556,Marsh Harbour,BS,2021-11-15 23:54:46,26.5412,-77.0636,74.64,63,100,18.34
557,Esperance,AU,2021-11-15 23:54:46,-33.8667,121.9,67.84,41,98,8.93
558,Bitkine,TD,2021-11-15 23:54:47,11.9801,18.2138,80.37,20,45,5.35
559,Nuuk,GL,2021-11-15 23:54:47,64.1835,-51.7216,14.88,66,94,4.0
560,Bhadra,IN,2021-11-15 23:54:47,29.1167,75.1667,62.87,27,0,5.82
561,San Juan De Uraba,CO,2021-11-15 23:54:48,8.7592,-76.5297,78.48,87,45,4.85
562,Muscle Shoals,US,2021-11-15 23:51:18,34.7448,-87.6675,56.1,60,3,6.49
563,Bay-Khaak,RU,2021-11-15 23:54:48,51.1667,94.5,22.08,91,94,4.18
564,Bundaberg,AU,2021-11-15 23:54:48,-24.85,152.35,86.22,55,40,5.99
565,Palimbang,PH,2021-11-15 23:54:49,6.2106,124.1894,82.49,76,99,1.77
566,Morrope,PE,2021-11-15 23:54:49,-6.5417,-80.0111,68.11,77,55,15.08
567,Ulaangom,MN,2021-11-15 23:54:49,49.9811,92.0667,20.95,43,1,9.06
568,Buraydah,SA,2021-11-15 23:54:50,26.326,43.975,66.65,33,55,9.13
569,Ferrol,ES,2021-11-15 23:54:50,43.4832,-8.2369,59.27,82,100,9.19
570,Balkanabat,TM,2021-11-15 23:54:50,39.5108,54.3671,51.73,60,100,8.08
571,Namibe,AO,2021-11-15 23:54:50,-15.1961,12.1522,73.71,75,100,6.24
572,Eregli,TR,2021-11-15 23:54:51,37.5133,34.0467,44.76,52,5,1.16
573,Filadelfia,US,2021-11-15 23:52:11,39.9523,-75.1638,44.85,56,20,3.0
574,Virtsu,EE,2021-11-15 23:54:51,58.5716,23.5115,39.97,91,24,18.01
